"btype", "mg","ipow","ttc","ptc","psz"
"0","1.0000000000000001e-07","146000000","2.68","268","1"
"0","1.0000000000000001e-07","146000000","2.65072","265","2"
"0","1.0000000000000001e-07","146000000","2.61074","261","4"
"0","1.0000000000000001e-07","146000000","2.52077","252","8"
"0","1.0000000000000001e-07","146000000","2.37083","237","16"
"0","1.0000000000000001e-07","146000000","2.11096","211","32"
"0","1.0000000000000001e-07","146000000","1.74","174","64"
"0","1.0000000000000001e-07","146000000","1.28173","128","128"
"0","1.0000000000000001e-07","146000000","0.842753","84","256"
"0","1.0000000000000001e-07","146000000","0.494801","49","512"
"0","1.0000000000000001e-07","146000000","0.278897","27","1024"
"0","2.0000000000000002e-07","292000000","5.38071","538","1"
"0","2.0000000000000002e-07","292000000","5.34","534","2"
"0","2.0000000000000002e-07","292000000","5.25074","525","4"
"0","2.0000000000000002e-07","292000000","5.08077","508","8"
"0","2.0000000000000002e-07","292000000","4.77083","477","16"
"0","2.0000000000000002e-07","292000000","4.25096","425","32"
"0","2.0000000000000002e-07","292000000","3.49122","349","64"
"0","2.0000000000000002e-07","292000000","2.57173","257","128"
"0","2.0000000000000002e-07","292000000","1.69275","169","256"
"0","2.0000000000000002e-07","292000000","1.0048","100","512"
"0","2.0000000000000002e-07","292000000","0.558897","55","1024"
"0","3e-07","438000000","8.09071","809","1"
"0","3e-07","438000000","8.02072","802","2"
"0","3e-07","438000000","7.89","789","4"
"0","3e-07","438000000","7.63077","763","8"
"0","3e-07","438000000","7.17","717","16"
"0","3e-07","438000000","6.39096","639","32"
"0","3e-07","438000000","5.25122","525","64"
"0","3e-07","438000000","3.87173","387","128"
"0","3e-07","438000000","2.54","254","256"
"0","3e-07","438000000","1.5048","150","512"
"0","3e-07","438000000","0.828897","82","1024"
"0","4.0000000000000003e-07","584000000","10.8","1080","1"
"0","4.0000000000000003e-07","584000000","10.7007","1070","2"
"0","4.0000000000000003e-07","584000000","10.5207","1052","4"
"0","4.0000000000000003e-07","584000000","10.1808","1018","8"
"0","4.0000000000000003e-07","584000000","9.56083","956","16"
"0","4.0000000000000003e-07","584000000","8.53096","853","32"
"0","4.0000000000000003e-07","584000000","7.01122","701","64"
"0","4.0000000000000003e-07","584000000","5.17","517","128"
"0","4.0000000000000003e-07","584000000","3.38275","338","256"
"0","4.0000000000000003e-07","584000000","2.0048","200","512"
"0","4.0000000000000003e-07","584000000","1.1089","110","1024"
"0","5e-07","730000000","13.5007","1350","1"
"0","5e-07","730000000","13.39","1339","2"
"0","5e-07","730000000","13.1607","1316","4"
"0","5e-07","730000000","12.74","1274","8"
"0","5e-07","730000000","11.9608","1196","16"
"0","5e-07","730000000","10.67","1067","32"
"0","5e-07","730000000","8.76122","876","64"
"0","5e-07","730000000","6.46173","646","128"
"0","5e-07","730000000","4.23275","423","256"
"0","5e-07","730000000","2.5048","250","512"
"0","5e-07","730000000","1.3889","138","1024"
"0","6e-07","876000000","16.2107","1621","1"
"0","6e-07","876000000","16.0707","1607","2"
"0","6e-07","876000000","15.8007","1580","4"
"0","6e-07","876000000","15.2908","1529","8"
"0","6e-07","876000000","14.3608","1436","16"
"0","6e-07","876000000","12.801","1280","32"
"0","6e-07","876000000","10.5212","1052","64"
"0","6e-07","876000000","7.76173","776","128"
"0","6e-07","876000000","5.08275","508","256"
"0","6e-07","876000000","3.0148","301","512"
"0","6e-07","876000000","1.6589","165","1024"
"0","7.000000000000001e-07","1022000000","18.9107","1891","1"
"0","7.000000000000001e-07","1022000000","18.7507","1875","2"
"0","7.000000000000001e-07","1022000000","18.4407","1844","4"
"0","7.000000000000001e-07","1022000000","17.8408","1784","8"
"0","7.000000000000001e-07","1022000000","16.7608","1676","16"
"0","7.000000000000001e-07","1022000000","14.941","1494","32"
"0","7.000000000000001e-07","1022000000","12.2812","1228","64"
"0","7.000000000000001e-07","1022000000","9.05173","905","128"
"0","7.000000000000001e-07","1022000000","5.93275","593","256"
"0","7.000000000000001e-07","1022000000","3.5148","351","512"
"0","7.000000000000001e-07","1022000000","1.9389","193","1024"
"0","8.000000000000001e-07","1168000000","21.6207","2162","1"
"0","8.000000000000001e-07","1168000000","21.44","2144","2"
"0","8.000000000000001e-07","1168000000","21.0807","2108","4"
"0","8.000000000000001e-07","1168000000","20.4","2040","8"
"0","8.000000000000001e-07","1168000000","19.16","1916","16"
"0","8.000000000000001e-07","1168000000","17.081","1708","32"
"0","8.000000000000001e-07","1168000000","14.04","1404","64"
"0","8.000000000000001e-07","1168000000","10.3517","1035","128"
"0","8.000000000000001e-07","1168000000","6.78275","678","256"
"0","8.000000000000001e-07","1168000000","4.0148","401","512"
"0","8.000000000000001e-07","1168000000","2.2189","221","1024"
"0","9.000000000000001e-07","1314000000","24.33","2433","1"
"0","9.000000000000001e-07","1314000000","24.1207","2412","2"
"0","9.000000000000001e-07","1314000000","23.72","2372","4"
"0","9.000000000000001e-07","1314000000","22.9508","2295","8"
"0","9.000000000000001e-07","1314000000","21.5508","2155","16"
"0","9.000000000000001e-07","1314000000","19.221","1922","32"
"0","9.000000000000001e-07","1314000000","15.7912","1579","64"
"0","9.000000000000001e-07","1314000000","11.6417","1164","128"
"0","9.000000000000001e-07","1314000000","7.63275","763","256"
"0","9.000000000000001e-07","1314000000","4.5248","452","512"
"0","9.000000000000001e-07","1314000000","2.4889","248","1024"
"0","1e-06","1460000000","27.0307","2703","1"
"0","1e-06","1460000000","26.8007","2680","2"
"0","1e-06","1460000000","26.3507","2635","4"
"0","1e-06","1460000000","25.5008","2550","8"
"0","1e-06","1460000000","23.9508","2395","16"
"0","1e-06","1460000000","21.36","2136","32"
"0","1e-06","1460000000","17.5512","1755","64"
"0","1e-06","1460000000","12.9417","1294","128"
"0","1e-06","1460000000","8.48275","848","256"
"0","1e-06","1460000000","5.0248","502","512"
"0","1e-06","1460000000","2.7689","276","1024"
"1","1.0000000000000001e-07","400000000","7.38071","738","1"
"1","1.0000000000000001e-07","400000000","7.32072","732","2"
"1","1.0000000000000001e-07","400000000","7.20074","720","4"
"1","1.0000000000000001e-07","400000000","6.97","697","8"
"1","1.0000000000000001e-07","400000000","6.54083","654","16"
"1","1.0000000000000001e-07","400000000","5.83096","583","32"
"1","1.0000000000000001e-07","400000000","4.79122","479","64"
"1","1.0000000000000001e-07","400000000","3.53173","353","128"
"1","1.0000000000000001e-07","400000000","2.31275","231","256"
"1","1.0000000000000001e-07","400000000","1.3748","137","512"
"1","1.0000000000000001e-07","400000000","0.758897","75","1024"
"1","2.0000000000000002e-07","800000000","14.8007","1480","1"
"1","2.0000000000000002e-07","800000000","14.6707","1467","2"
"1","2.0000000000000002e-07","800000000","14.4307","1443","4"
"1","2.0000000000000002e-07","800000000","13.9608","1396","8"
"1","2.0000000000000002e-07","800000000","13.1108","1311","16"
"1","2.0000000000000002e-07","800000000","11.691","1169","32"
"1","2.0000000000000002e-07","800000000","9.61122","961","64"
"1","2.0000000000000002e-07","800000000","7.08173","708","128"
"1","2.0000000000000002e-07","800000000","4.64275","464","256"
"1","2.0000000000000002e-07","800000000","2.7548","275","512"
"1","2.0000000000000002e-07","800000000","1.5189","151","1024"
"1","3e-07","1200000000","22.2107","2221","1"
"1","3e-07","1200000000","22.0207","2202","2"
"1","3e-07","1200000000","21.66","2166","4"
"1","3e-07","1200000000","20.96","2096","8"
"1","3e-07","1200000000","19.6808","1968","16"
"1","3e-07","1200000000","17.551","1755","32"
"1","3e-07","1200000000","14.4212","1442","64"
"1","3e-07","1200000000","10.6317","1063","128"
"1","3e-07","1200000000","6.97275","697","256"
"1","3e-07","1200000000","4.1248","412","512"
"1","3e-07","1200000000","2.2789","227","1024"
"1","4.0000000000000003e-07","1600000000","29.6307","2963","1"
"1","4.0000000000000003e-07","1600000000","29.38","2938","2"
"1","4.0000000000000003e-07","1600000000","28.8807","2888","4"
"1","4.0000000000000003e-07","1600000000","27.9508","2795","8"
"1","4.0000000000000003e-07","1600000000","26.2508","2625","16"
"1","4.0000000000000003e-07","1600000000","23.41","2341","32"
"1","4.0000000000000003e-07","1600000000","19.2312","1923","64"
"1","4.0000000000000003e-07","1600000000","14.1817","1418","128"
"1","4.0000000000000003e-07","1600000000","9.29275","929","256"
"1","4.0000000000000003e-07","1600000000","5.5048","550","512"
"1","4.0000000000000003e-07","1600000000","3.0389","303","1024"
"1","5e-07","2000000000","37.0407","3704","1"
"1","5e-07","2000000000","36.7307","3673","2"
"1","5e-07","2000000000","36.1107","3611","4"
"1","5e-07","2000000000","34.9408","3494","8"
"1","5e-07","2000000000","32.8208","3282","16"
"1","5e-07","2000000000","29.261","2926","32"
"1","5e-07","2000000000","24.0512","2405","64"
"1","5e-07","2000000000","17.7317","1773","128"
"1","5e-07","2000000000","11.6228","1162","256"
"1","5e-07","2000000000","6.8848","688","512"
"1","5e-07","2000000000","3.7989","379","1024"
"1","6e-07","2400000000","44.46","4446","1"
"1","6e-07","2400000000","44.0807","4408","2"
"1","6e-07","2400000000","43.3407","4334","4"
"1","6e-07","2400000000","41.9408","4194","8"
"1","6e-07","2400000000","39.3908","3939","16"
"1","6e-07","2400000000","35.121","3512","32"
"1","6e-07","2400000000","28.8612","2886","64"
"1","6e-07","2400000000","21.2817","2128","128"
"1","6e-07","2400000000","13.9528","1395","256"
"1","6e-07","2400000000","8.2648","826","512"
"1","6e-07","2400000000","4.5489","454","1024"
"1","7.000000000000001e-07","2800000000","51.8707","5187","1"
"1","7.000000000000001e-07","2800000000","51.4307","5143","2"
"1","7.000000000000001e-07","2800000000","50.5707","5057","4"
"1","7.000000000000001e-07","2800000000","48.9308","4893","8"
"1","7.000000000000001e-07","2800000000","45.9608","4596","16"
"1","7.000000000000001e-07","2800000000","40.981","4098","32"
"1","7.000000000000001e-07","2800000000","33.6812","3368","64"
"1","7.000000000000001e-07","2800000000","24.8317","2483","128"
"1","7.000000000000001e-07","2800000000","16.28","1628","256"
"1","7.000000000000001e-07","2800000000","9.6348","963","512"
"1","7.000000000000001e-07","2800000000","5.3089","530","1024"
"1","8.000000000000001e-07","3200000000","59.29","5929","1"
"1","8.000000000000001e-07","3200000000","58.7807","5878","2"
"1","8.000000000000001e-07","3200000000","57.8007","5780","4"
"1","8.000000000000001e-07","3200000000","55.9308","5593","8"
"1","8.000000000000001e-07","3200000000","52.5308","5253","16"
"1","8.000000000000001e-07","3200000000","46.84","4684","32"
"1","8.000000000000001e-07","3200000000","38.4912","3849","64"
"1","8.000000000000001e-07","3200000000","28.3817","2838","128"
"1","8.000000000000001e-07","3200000000","18.6028","1860","256"
"1","8.000000000000001e-07","3200000000","11.0148","1101","512"
"1","8.000000000000001e-07","3200000000","6.0689","606","1024"
"1","9.000000000000001e-07","3600000000","66.7007","6670","1"
"1","9.000000000000001e-07","3600000000","66.1307","6613","2"
"1","9.000000000000001e-07","3600000000","65.03","6503","4"
"1","9.000000000000001e-07","3600000000","62.9208","6292","8"
"1","9.000000000000001e-07","3600000000","59.1008","5910","16"
"1","9.000000000000001e-07","3600000000","52.691","5269","32"
"1","9.000000000000001e-07","3600000000","43.3012","4330","64"
"1","9.000000000000001e-07","3600000000","31.9317","3193","128"
"1","9.000000000000001e-07","3600000000","20.9328","2093","256"
"1","9.000000000000001e-07","3600000000","12.3948","1239","512"
"1","9.000000000000001e-07","3600000000","6.8289","682","1024"
"1","1e-06","4000000000","74.1107","7411","1"
"1","1e-06","4000000000","73.4807","7348","2"
"1","1e-06","4000000000","72.26","7226","4"
"1","1e-06","4000000000","69.9208","6992","8"
"1","1e-06","4000000000","65.6708","6567","16"
"1","1e-06","4000000000","58.551","5855","32"
"1","1e-06","4000000000","48.1212","4812","64"
"1","1e-06","4000000000","35.4817","3548","128"
"1","1e-06","4000000000","23.2628","2326","256"
"1","1e-06","4000000000","13.7748","1377","512"
"1","1e-06","4000000000","7.5889","758","1024"
"2","1.0000000000000001e-07","130000000","2.38071","238","1"
"2","1.0000000000000001e-07","130000000","2.36072","236","2"
"2","1.0000000000000001e-07","130000000","2.32074","232","4"
"2","1.0000000000000001e-07","130000000","2.25","225","8"
"2","1.0000000000000001e-07","130000000","2.11083","211","16"
"2","1.0000000000000001e-07","130000000","1.88096","188","32"
"2","1.0000000000000001e-07","130000000","1.54122","154","64"
"2","1.0000000000000001e-07","130000000","1.14173","114","128"
"2","1.0000000000000001e-07","130000000","0.742753","74","256"
"2","1.0000000000000001e-07","130000000","0.444801","44","512"
"2","1.0000000000000001e-07","130000000","0.248897","24","1024"
"2","2.0000000000000002e-07","260000000","4.79071","479","1"
"2","2.0000000000000002e-07","260000000","4.75072","475","2"
"2","2.0000000000000002e-07","260000000","4.67074","467","4"
"2","2.0000000000000002e-07","260000000","4.52077","452","8"
"2","2.0000000000000002e-07","260000000","4.24083","424","16"
"2","2.0000000000000002e-07","260000000","3.78096","378","32"
"2","2.0000000000000002e-07","260000000","3.11122","311","64"
"2","2.0000000000000002e-07","260000000","2.29173","229","128"
"2","2.0000000000000002e-07","260000000","1.50275","150","256"
"2","2.0000000000000002e-07","260000000","0.894801","89","512"
"2","2.0000000000000002e-07","260000000","0.498897","49","1024"
"2","3e-07","390000000","7.20071","720","1"
"2","3e-07","390000000","7.14072","714","2"
"2","3e-07","390000000","7.02074","702","4"
"2","3e-07","390000000","6.79077","679","8"
"2","3e-07","390000000","6.38083","638","16"
"2","3e-07","390000000","5.69","569","32"
"2","3e-07","390000000","4.67122","467","64"
"2","3e-07","390000000","3.44173","344","128"
"2","3e-07","390000000","2.26275","226","256"
"2","3e-07","390000000","1.3348","133","512"
"2","3e-07","390000000","0.738897","73","1024"
"2","4.0000000000000003e-07","520000000","9.61071","961","1"
"2","4.0000000000000003e-07","520000000","9.53072","953","2"
"2","4.0000000000000003e-07","520000000","9.37074","937","4"
"2","4.0000000000000003e-07","520000000","9.06077","906","8"
"2","4.0000000000000003e-07","520000000","8.51083","851","16"
"2","4.0000000000000003e-07","520000000","7.59096","759","32"
"2","4.0000000000000003e-07","520000000","6.24122","624","64"
"2","4.0000000000000003e-07","520000000","4.60173","460","128"
"2","4.0000000000000003e-07","520000000","3.01275","301","256"
"2","4.0000000000000003e-07","520000000","1.7848","178","512"
"2","4.0000000000000003e-07","520000000","0.988897","98","1024"
"2","5e-07","650000000","12.0207","1202","1"
"2","5e-07","650000000","11.92","1192","2"
"2","5e-07","650000000","11.7207","1172","4"
"2","5e-07","650000000","11.3408","1134","8"
"2","5e-07","650000000","10.6508","1065","16"
"2","5e-07","650000000","9.49096","949","32"
"2","5e-07","650000000","7.80122","780","64"
"2","5e-07","650000000","5.75173","575","128"
"2","5e-07","650000000","3.77275","377","256"
"2","5e-07","650000000","2.2348","223","512"
"2","5e-07","650000000","1.2389","123","1024"
"2","6e-07","780000000","14.4307","1443","1"
"2","6e-07","780000000","14.31","1431","2"
"2","6e-07","780000000","14.07","1407","4"
"2","6e-07","780000000","13.6108","1361","8"
"2","6e-07","780000000","12.7808","1278","16"
"2","6e-07","780000000","11.401","1140","32"
"2","6e-07","780000000","9.37","937","64"
"2","6e-07","780000000","6.90173","690","128"
"2","6e-07","780000000","4.52275","452","256"
"2","6e-07","780000000","2.6848","268","512"
"2","6e-07","780000000","1.4789","147","1024"
"2","7.000000000000001e-07","910000000","16.8407","1684","1"
"2","7.000000000000001e-07","910000000","16.6907","1669","2"
"2","7.000000000000001e-07","910000000","16.42","1642","4"
"2","7.000000000000001e-07","910000000","15.8808","1588","8"
"2","7.000000000000001e-07","910000000","14.9208","1492","16"
"2","7.000000000000001e-07","910000000","13.301","1330","32"
"2","7.000000000000001e-07","910000000","10.9312","1093","64"
"2","7.000000000000001e-07","910000000","8.06173","806","128"
"2","7.000000000000001e-07","910000000","5.28275","528","256"
"2","7.000000000000001e-07","910000000","3.1248","312","512"
"2","7.000000000000001e-07","910000000","1.7289","172","1024"
"2","8.000000000000001e-07","1040000000","19.2507","1925","1"
"2","8.000000000000001e-07","1040000000","19.0807","1908","2"
"2","8.000000000000001e-07","1040000000","18.7607","1876","4"
"2","8.000000000000001e-07","1040000000","18.1608","1816","8"
"2","8.000000000000001e-07","1040000000","17.0508","1705","16"
"2","8.000000000000001e-07","1040000000","15.201","1520","32"
"2","8.000000000000001e-07","1040000000","12.5","1250","64"
"2","8.000000000000001e-07","1040000000","9.21173","921","128"
"2","8.000000000000001e-07","1040000000","6.04275","604","256"
"2","8.000000000000001e-07","1040000000","3.5748","357","512"
"2","8.000000000000001e-07","1040000000","1.9789","197","1024"
"2","9.000000000000001e-07","1170000000","21.6607","2166","1"
"2","9.000000000000001e-07","1170000000","21.4707","2147","2"
"2","9.000000000000001e-07","1170000000","21.1107","2111","4"
"2","9.000000000000001e-07","1170000000","20.4308","2043","8"
"2","9.000000000000001e-07","1170000000","19.1908","1919","16"
"2","9.000000000000001e-07","1170000000","17.111","1711","32"
"2","9.000000000000001e-07","1170000000","14.0612","1406","64"
"2","9.000000000000001e-07","1170000000","10.3617","1036","128"
"2","9.000000000000001e-07","1170000000","6.79275","679","256"
"2","9.000000000000001e-07","1170000000","4.0248","402","512"
"2","9.000000000000001e-07","1170000000","2.2189","221","1024"
"2","1e-06","1300000000","24.07","2407","1"
"2","1e-06","1300000000","23.8607","2386","2"
"2","1e-06","1300000000","23.4607","2346","4"
"2","1e-06","1300000000","22.7008","2270","8"
"2","1e-06","1300000000","21.3208","2132","16"
"2","1e-06","1300000000","19.011","1901","32"
"2","1e-06","1300000000","15.6212","1562","64"
"2","1e-06","1300000000","11.5217","1152","128"
"2","1e-06","1300000000","7.55275","755","256"
"2","1e-06","1300000000","4.4748","447","512"
"2","1e-06","1300000000","2.4689","246","1024"
"3","1.0000000000000001e-07","340000000","6.27071","627","1"
"3","1.0000000000000001e-07","340000000","6.22072","622","2"
"3","1.0000000000000001e-07","340000000","6.12","612","4"
"3","1.0000000000000001e-07","340000000","5.92077","592","8"
"3","1.0000000000000001e-07","340000000","5.56083","556","16"
"3","1.0000000000000001e-07","340000000","4.95096","495","32"
"3","1.0000000000000001e-07","340000000","4.07122","407","64"
"3","1.0000000000000001e-07","340000000","3.00173","300","128"
"3","1.0000000000000001e-07","340000000","1.96275","196","256"
"3","1.0000000000000001e-07","340000000","1.1648","116","512"
"3","1.0000000000000001e-07","340000000","0.648897","64","1024"
"3","2.0000000000000002e-07","680000000","12.5707","1257","1"
"3","2.0000000000000002e-07","680000000","12.4707","1247","2"
"3","2.0000000000000002e-07","680000000","12.2607","1226","4"
"3","2.0000000000000002e-07","680000000","11.8608","1186","8"
"3","2.0000000000000002e-07","680000000","11.1408","1114","16"
"3","2.0000000000000002e-07","680000000","9.93096","993","32"
"3","2.0000000000000002e-07","680000000","8.16122","816","64"
"3","2.0000000000000002e-07","680000000","6.02173","602","128"
"3","2.0000000000000002e-07","680000000","3.94275","394","256"
"3","2.0000000000000002e-07","680000000","2.3348","233","512"
"3","2.0000000000000002e-07","680000000","1.2889","128","1024"
"3","3e-07","1020000000","18.88","1888","1"
"3","3e-07","1020000000","18.72","1872","2"
"3","3e-07","1020000000","18.4007","1840","4"
"3","3e-07","1020000000","17.8108","1781","8"
"3","3e-07","1020000000","16.73","1673","16"
"3","3e-07","1020000000","14.911","1491","32"
"3","3e-07","1020000000","12.2512","1225","64"
"3","3e-07","1020000000","9.03173","903","128"
"3","3e-07","1020000000","5.92275","592","256"
"3","3e-07","1020000000","3.5048","350","512"
"3","3e-07","1020000000","1.9389","193","1024"
"3","4.0000000000000003e-07","1360000000","25.1807","2518","1"
"3","4.0000000000000003e-07","1360000000","24.97","2497","2"
"3","4.0000000000000003e-07","1360000000","24.5507","2455","4"
"3","4.0000000000000003e-07","1360000000","23.7508","2375","8"
"3","4.0000000000000003e-07","1360000000","22.3108","2231","16"
"3","4.0000000000000003e-07","1360000000","19.891","1989","32"
"3","4.0000000000000003e-07","1360000000","16.3512","1635","64"
"3","4.0000000000000003e-07","1360000000","12.0517","1205","128"
"3","4.0000000000000003e-07","1360000000","7.90275","790","256"
"3","4.0000000000000003e-07","1360000000","4.6748","467","512"
"3","4.0000000000000003e-07","1360000000","2.5789","257","1024"
"3","5e-07","1700000000","31.4807","3148","1"
"3","5e-07","1700000000","31.2107","3121","2"
"3","5e-07","1700000000","30.6907","3069","4"
"3","5e-07","1700000000","29.7008","2970","8"
"3","5e-07","1700000000","27.8908","2789","16"
"3","5e-07","1700000000","24.871","2487","32"
"3","5e-07","1700000000","20.4412","2044","64"
"3","5e-07","1700000000","15.0717","1507","128"
"3","5e-07","1700000000","9.88275","988","256"
"3","5e-07","1700000000","5.8548","585","512"
"3","5e-07","1700000000","3.2289","322","1024"
"3","6e-07","2040000000","37.7807","3778","1"
"3","6e-07","2040000000","37.4607","3746","2"
"3","6e-07","2040000000","36.84","3684","4"
"3","6e-07","2040000000","35.6408","3564","8"
"3","6e-07","2040000000","33.4808","3348","16"
"3","6e-07","2040000000","29.851","2985","32"
"3","6e-07","2040000000","24.5312","2453","64"
"3","6e-07","2040000000","18.0817","1808","128"
"3","6e-07","2040000000","11.8528","1185","256"
"3","6e-07","2040000000","7.0248","702","512"
"3","6e-07","2040000000","3.8689","386","1024"
"3","7.000000000000001e-07","2380000000","44.09","4409","1"
"3","7.000000000000001e-07","2380000000","43.7107","4371","2"
"3","7.000000000000001e-07","2380000000","42.9807","4298","4"
"3","7.000000000000001e-07","2380000000","41.5908","4159","8"
"3","7.000000000000001e-07","2380000000","39.0608","3906","16"
"3","7.000000000000001e-07","2380000000","34.831","3483","32"
"3","7.000000000000001e-07","2380000000","28.6212","2862","64"
"3","7.000000000000001e-07","2380000000","21.1017","2110","128"
"3","7.000000000000001e-07","2380000000","13.8328","1383","256"
"3","7.000000000000001e-07","2380000000","8.1948","819","512"
"3","7.000000000000001e-07","2380000000","4.5189","451","1024"
"3","8.000000000000001e-07","2720000000","50.3907","5039","1"
"3","8.000000000000001e-07","2720000000","49.9607","4996","2"
"3","8.000000000000001e-07","2720000000","49.1207","4912","4"
"3","8.000000000000001e-07","2720000000","47.5308","4753","8"
"3","8.000000000000001e-07","2720000000","44.65","4465","16"
"3","8.000000000000001e-07","2720000000","39.81","3981","32"
"3","8.000000000000001e-07","2720000000","32.7112","3271","64"
"3","8.000000000000001e-07","2720000000","24.1217","2412","128"
"3","8.000000000000001e-07","2720000000","15.8128","1581","256"
"3","8.000000000000001e-07","2720000000","9.3648","936","512"
"3","8.000000000000001e-07","2720000000","5.1589","515","1024"
"3","9.000000000000001e-07","3060000000","56.6907","5669","1"
"3","9.000000000000001e-07","3060000000","56.2107","5621","2"
"3","9.000000000000001e-07","3060000000","55.2707","5527","4"
"3","9.000000000000001e-07","3060000000","53.4808","5348","8"
"3","9.000000000000001e-07","3060000000","50.2308","5023","16"
"3","9.000000000000001e-07","3060000000","44.79","4479","32"
"3","9.000000000000001e-07","3060000000","36.81","3681","64"
"3","9.000000000000001e-07","3060000000","27.14","2714","128"
"3","9.000000000000001e-07","3060000000","17.7928","1779","256"
"3","9.000000000000001e-07","3060000000","10.5348","1053","512"
"3","9.000000000000001e-07","3060000000","5.8089","580","1024"
"3","1e-06","3400000000","62.9907","6299","1"
"3","1e-06","3400000000","62.46","6246","2"
"3","1e-06","3400000000","61.4107","6141","4"
"3","1e-06","3400000000","59.43","5943","8"
"3","1e-06","3400000000","55.8108","5581","16"
"3","1e-06","3400000000","49.761","4976","32"
"3","1e-06","3400000000","40.9012","4090","64"
"3","1e-06","3400000000","30.1517","3015","128"
"3","1e-06","3400000000","19.77","1977","256"
"3","1e-06","3400000000","11.7048","1170","512"
"3","1e-06","3400000000","6.4489","644","1024"
"4","1.0000000000000001e-07","140000000","2.57","257","1"
"4","1.0000000000000001e-07","140000000","2.54072","254","2"
"4","1.0000000000000001e-07","140000000","2.50074","250","4"
"4","1.0000000000000001e-07","140000000","2.42077","242","8"
"4","1.0000000000000001e-07","140000000","2.27083","227","16"
"4","1.0000000000000001e-07","140000000","2.03","203","32"
"4","1.0000000000000001e-07","140000000","1.66122","166","64"
"4","1.0000000000000001e-07","140000000","1.23","123","128"
"4","1.0000000000000001e-07","140000000","0.802753","80","256"
"4","1.0000000000000001e-07","140000000","0.474801","47","512"
"4","1.0000000000000001e-07","140000000","0.268897","26","1024"
"4","2.0000000000000002e-07","280000000","5.16071","516","1"
"4","2.0000000000000002e-07","280000000","5.12","512","2"
"4","2.0000000000000002e-07","280000000","5.03074","503","4"
"4","2.0000000000000002e-07","280000000","4.87077","487","8"
"4","2.0000000000000002e-07","280000000","4.57083","457","16"
"4","2.0000000000000002e-07","280000000","4.08","408","32"
"4","2.0000000000000002e-07","280000000","3.35122","335","64"
"4","2.0000000000000002e-07","280000000","2.47173","247","128"
"4","2.0000000000000002e-07","280000000","1.62275","162","256"
"4","2.0000000000000002e-07","280000000","0.954801","95","512"
"4","2.0000000000000002e-07","280000000","0.528897","52","1024"
"4","3e-07","420000000","7.76","776","1"
"4","3e-07","420000000","7.69072","769","2"
"4","3e-07","420000000","7.56074","756","4"
"4","3e-07","420000000","7.32","732","8"
"4","3e-07","420000000","6.87083","687","16"
"4","3e-07","420000000","6.13","613","32"
"4","3e-07","420000000","5.03122","503","64"
"4","3e-07","420000000","3.71173","371","128"
"4","3e-07","420000000","2.43275","243","256"
"4","3e-07","420000000","1.4448","144","512"
"4","3e-07","420000000","0.798897","79","1024"
"4","4.0000000000000003e-07","560000000","10.3507","1035","1"
"4","4.0000000000000003e-07","560000000","10.2607","1026","2"
"4","4.0000000000000003e-07","560000000","10.0907","1009","4"
"4","4.0000000000000003e-07","560000000","9.76077","976","8"
"4","4.0000000000000003e-07","560000000","9.17083","917","16"
"4","4.0000000000000003e-07","560000000","8.18","818","32"
"4","4.0000000000000003e-07","560000000","6.72122","672","64"
"4","4.0000000000000003e-07","560000000","4.95173","495","128"
"4","4.0000000000000003e-07","560000000","3.24275","324","256"
"4","4.0000000000000003e-07","560000000","1.9248","192","512"
"4","4.0000000000000003e-07","560000000","1.0589","105","1024"
"4","5e-07","700000000","12.95","1295","1"
"4","5e-07","700000000","12.84","1284","2"
"4","5e-07","700000000","12.6207","1262","4"
"4","5e-07","700000000","12.2108","1221","8"
"4","5e-07","700000000","11.4708","1147","16"
"4","5e-07","700000000","10.23","1023","32"
"4","5e-07","700000000","8.40122","840","64"
"4","5e-07","700000000","6.19173","619","128"
"4","5e-07","700000000","4.06275","406","256"
"4","5e-07","700000000","2.4048","240","512"
"4","5e-07","700000000","1.3289","132","1024"
"4","6e-07","840000000","15.5407","1554","1"
"4","6e-07","840000000","15.4107","1541","2"
"4","6e-07","840000000","15.1507","1515","4"
"4","6e-07","840000000","14.6608","1466","8"
"4","6e-07","840000000","13.7708","1377","16"
"4","6e-07","840000000","12.28","1228","32"
"4","6e-07","840000000","10.0912","1009","64"
"4","6e-07","840000000","7.44173","744","128"
"4","6e-07","840000000","4.87275","487","256"
"4","6e-07","840000000","2.8848","288","512"
"4","6e-07","840000000","1.5989","159","1024"
"4","7.000000000000001e-07","980000000","18.14","1814","1"
"4","7.000000000000001e-07","980000000","17.9807","1798","2"
"4","7.000000000000001e-07","980000000","17.6807","1768","4"
"4","7.000000000000001e-07","980000000","17.1108","1711","8"
"4","7.000000000000001e-07","980000000","16.0708","1607","16"
"4","7.000000000000001e-07","980000000","14.33","1433","32"
"4","7.000000000000001e-07","980000000","11.7712","1177","64"
"4","7.000000000000001e-07","980000000","8.68173","868","128"
"4","7.000000000000001e-07","980000000","5.69275","569","256"
"4","7.000000000000001e-07","980000000","3.3748","337","512"
"4","7.000000000000001e-07","980000000","1.8589","185","1024"
"4","8.000000000000001e-07","1120000000","20.7307","2073","1"
"4","8.000000000000001e-07","1120000000","20.5507","2055","2"
"4","8.000000000000001e-07","1120000000","20.2107","2021","4"
"4","8.000000000000001e-07","1120000000","19.56","1956","8"
"4","8.000000000000001e-07","1120000000","18.3708","1837","16"
"4","8.000000000000001e-07","1120000000","16.38","1638","32"
"4","8.000000000000001e-07","1120000000","13.4612","1346","64"
"4","8.000000000000001e-07","1120000000","9.92173","992","128"
"4","8.000000000000001e-07","1120000000","6.50275","650","256"
"4","8.000000000000001e-07","1120000000","3.8548","385","512"
"4","8.000000000000001e-07","1120000000","2.1289","212","1024"
"4","9.000000000000001e-07","1260000000","23.33","2333","1"
"4","9.000000000000001e-07","1260000000","23.1307","2313","2"
"4","9.000000000000001e-07","1260000000","22.7407","2274","4"
"4","9.000000000000001e-07","1260000000","22.0008","2200","8"
"4","9.000000000000001e-07","1260000000","20.6708","2067","16"
"4","9.000000000000001e-07","1260000000","18.43","1843","32"
"4","9.000000000000001e-07","1260000000","15.1412","1514","64"
"4","9.000000000000001e-07","1260000000","11.1617","1116","128"
"4","9.000000000000001e-07","1260000000","7.32275","732","256"
"4","9.000000000000001e-07","1260000000","4.3348","433","512"
"4","9.000000000000001e-07","1260000000","2.3889","238","1024"
"4","1e-06","1400000000","25.9207","2592","1"
"4","1e-06","1400000000","25.7007","2570","2"
"4","1e-06","1400000000","25.2707","2527","4"
"4","1e-06","1400000000","24.4508","2445","8"
"4","1e-06","1400000000","22.97","2297","16"
"4","1e-06","1400000000","20.48","2048","32"
"4","1e-06","1400000000","16.8312","1683","64"
"4","1e-06","1400000000","12.41","1241","128"
"4","1e-06","1400000000","8.13275","813","256"
"4","1e-06","1400000000","4.8148","481","512"
"4","1e-06","1400000000","2.6589","265","1024"
"5","1.0000000000000001e-07","460000000","8.5","850","1"
"5","1.0000000000000001e-07","460000000","8.42072","842","2"
"5","1.0000000000000001e-07","460000000","8.28074","828","4"
"5","1.0000000000000001e-07","460000000","8.02","802","8"
"5","1.0000000000000001e-07","460000000","7.53083","753","16"
"5","1.0000000000000001e-07","460000000","6.71096","671","32"
"5","1.0000000000000001e-07","460000000","5.52","552","64"
"5","1.0000000000000001e-07","460000000","4.06173","406","128"
"5","1.0000000000000001e-07","460000000","2.66275","266","256"
"5","1.0000000000000001e-07","460000000","1.5748","157","512"
"5","1.0000000000000001e-07","460000000","0.868897","86","1024"
"5","2.0000000000000002e-07","920000000","17.0207","1702","1"
"5","2.0000000000000002e-07","920000000","16.8807","1688","2"
"5","2.0000000000000002e-07","920000000","16.6","1660","4"
"5","2.0000000000000002e-07","920000000","16.0608","1606","8"
"5","2.0000000000000002e-07","920000000","15.0808","1508","16"
"5","2.0000000000000002e-07","920000000","13.451","1345","32"
"5","2.0000000000000002e-07","920000000","11.0512","1105","64"
"5","2.0000000000000002e-07","920000000","8.15173","815","128"
"5","2.0000000000000002e-07","920000000","5.34275","534","256"
"5","2.0000000000000002e-07","920000000","3.1648","316","512"
"5","2.0000000000000002e-07","920000000","1.7489","174","1024"
"5","3e-07","1380000000","25.5507","2555","1"
"5","3e-07","1380000000","25.3307","2533","2"
"5","3e-07","1380000000","24.9107","2491","4"
"5","3e-07","1380000000","24.1008","2410","8"
"5","3e-07","1380000000","22.6408","2264","16"
"5","3e-07","1380000000","20.181","2018","32"
"5","3e-07","1380000000","16.5912","1659","64"
"5","3e-07","1380000000","12.2317","1223","128"
"5","3e-07","1380000000","8.01275","801","256"
"5","3e-07","1380000000","4.7448","474","512"
"5","3e-07","1380000000","2.6189","261","1024"
"5","4.0000000000000003e-07","1840000000","34.08","3408","1"
"5","4.0000000000000003e-07","1840000000","33.79","3379","2"
"5","4.0000000000000003e-07","1840000000","33.2207","3322","4"
"5","4.0000000000000003e-07","1840000000","32.15","3215","8"
"5","4.0000000000000003e-07","1840000000","30.1908","3019","16"
"5","4.0000000000000003e-07","1840000000","26.921","2692","32"
"5","4.0000000000000003e-07","1840000000","22.1212","2212","64"
"5","4.0000000000000003e-07","1840000000","16.3117","1631","128"
"5","4.0000000000000003e-07","1840000000","10.6928","1069","256"
"5","4.0000000000000003e-07","1840000000","6.3348","633","512"
"5","4.0000000000000003e-07","1840000000","3.4889","348","1024"
"5","5e-07","2300000000","42.6007","4260","1"
"5","5e-07","2300000000","42.2407","4224","2"
"5","5e-07","2300000000","41.5307","4153","4"
"5","5e-07","2300000000","40.1908","4019","8"
"5","5e-07","2300000000","37.7508","3775","16"
"5","5e-07","2300000000","33.66","3366","32"
"5","5e-07","2300000000","27.6612","2766","64"
"5","5e-07","2300000000","20.3917","2039","128"
"5","5e-07","2300000000","13.3728","1337","256"
"5","5e-07","2300000000","7.9148","791","512"
"5","5e-07","2300000000","4.3689","436","1024"
"5","6e-07","2760000000","51.1307","5113","1"
"5","6e-07","2760000000","50.6907","5069","2"
"5","6e-07","2760000000","49.8507","4985","4"
"5","6e-07","2760000000","48.2308","4823","8"
"5","6e-07","2760000000","45.3008","4530","16"
"5","6e-07","2760000000","40.391","4039","32"
"5","6e-07","2760000000","33.2","3320","64"
"5","6e-07","2760000000","24.4717","2447","128"
"5","6e-07","2760000000","16.0428","1604","256"
"5","6e-07","2760000000","9.5048","950","512"
"5","6e-07","2760000000","5.2389","523","1024"
"5","7.000000000000001e-07","3220000000","59.66","5966","1"
"5","7.000000000000001e-07","3220000000","59.1507","5915","2"
"5","7.000000000000001e-07","3220000000","58.1607","5816","4"
"5","7.000000000000001e-07","3220000000","56.2808","5628","8"
"5","7.000000000000001e-07","3220000000","52.8608","5286","16"
"5","7.000000000000001e-07","3220000000","47.131","4713","32"
"5","7.000000000000001e-07","3220000000","38.7312","3873","64"
"5","7.000000000000001e-07","3220000000","28.56","2856","128"
"5","7.000000000000001e-07","3220000000","18.7228","1872","256"
"5","7.000000000000001e-07","3220000000","11.0848","1108","512"
"5","7.000000000000001e-07","3220000000","6.1089","610","1024"
"5","8.000000000000001e-07","3680000000","68.1807","6818","1"
"5","8.000000000000001e-07","3680000000","67.6007","6760","2"
"5","8.000000000000001e-07","3680000000","66.4707","6647","4"
"5","8.000000000000001e-07","3680000000","64.3208","6432","8"
"5","8.000000000000001e-07","3680000000","60.4108","6041","16"
"5","8.000000000000001e-07","3680000000","53.861","5386","32"
"5","8.000000000000001e-07","3680000000","44.2712","4427","64"
"5","8.000000000000001e-07","3680000000","32.6417","3264","128"
"5","8.000000000000001e-07","3680000000","21.3928","2139","256"
"5","8.000000000000001e-07","3680000000","12.6748","1267","512"
"5","8.000000000000001e-07","3680000000","6.9789","697","1024"
"5","9.000000000000001e-07","4140000000","76.7107","7671","1"
"5","9.000000000000001e-07","4140000000","76.06","7606","2"
"5","9.000000000000001e-07","4140000000","74.79","7479","4"
"5","9.000000000000001e-07","4140000000","72.37","7237","8"
"5","9.000000000000001e-07","4140000000","67.9708","6797","16"
"5","9.000000000000001e-07","4140000000","60.601","6060","32"
"5","9.000000000000001e-07","4140000000","49.8012","4980","64"
"5","9.000000000000001e-07","4140000000","36.7217","3672","128"
"5","9.000000000000001e-07","4140000000","24.0728","2407","256"
"5","9.000000000000001e-07","4140000000","14.2548","1425","512"
"5","9.000000000000001e-07","4140000000","7.8589","785","1024"
"5","1e-06","4600000000","85.24","8524","1"
"5","1e-06","4600000000","84.5107","8451","2"
"5","1e-06","4600000000","83.1007","8310","4"
"5","1e-06","4600000000","80.4108","8041","8"
"5","1e-06","4600000000","75.5208","7552","16"
"5","1e-06","4600000000","67.34","6734","32"
"5","1e-06","4600000000","55.3412","5534","64"
"5","1e-06","4600000000","40.8017","4080","128"
"5","1e-06","4600000000","26.7528","2675","256"
"5","1e-06","4600000000","15.8348","1583","512"
"5","1e-06","4600000000","8.7289","872","1024"
